{"is_source_file": true, "format": "Python", "description": "This file defines API routes for handling category-related requests using FastAPI. It includes an endpoint to list all recipe categories by querying the database with SQLAlchemy ORM.", "external_files": ["../db", "../models", "../schemas"], "external_methods": ["get_db"], "published": ["router"], "classes": [], "methods": [{"name": "list[CategoryOut] list_categories(db: Session = Depends(get_db))", "description": "Handles GET requests to list all recipe categories, returning a list of CategoryOut schema instances.", "scope": "", "scopeKind": ""}], "calls": ["db.scalars", "select", "CategoryOut"], "search-terms": ["categories", "FastAPI", "SQLAlchemy", "APIRouter", "list_categories", "recipe categories", "category API"], "state": 2, "file_id": 11, "knowledge_revision": 20, "git_revision": "", "ctags": [{"_type": "tag", "name": "list_categories", "path": "/home/kavia/workspace/code-generation/recipe-explorer-219140-219177/backend_api/src/api/routers/categories.py", "pattern": "/^def list_categories(db: Session = Depends(get_db)) -> list[CategoryOut]:$/", "language": "Python", "typeref": "typename:list[CategoryOut]", "kind": "function", "signature": "(db: Session = Depends(get_db))"}, {"_type": "tag", "name": "router", "path": "/home/kavia/workspace/code-generation/recipe-explorer-219140-219177/backend_api/src/api/routers/categories.py", "pattern": "/^router = APIRouter(prefix=\"\\/categories\", tags=[\"categories\"])$/", "language": "Python", "kind": "variable"}], "hash": "4a744ad2387bb5bf68feca5117e052c1", "format-version": 4, "code-base-name": "backend_api", "filename": "backend_api/src/api/routers/categories.py", "fields": [{"name": "router = APIRouter(prefix=\"\\/categories\", tags=[\"categories\"])", "scope": "", "scopeKind": "", "description": "unavailable"}], "revision_history": [{"20": ""}]}