{"is_source_file": true, "format": "Python", "description": "This file contains utility functions for JWT authentication, password hashing, token creation and decoding, and a FastAPI dependency to retrieve the current authenticated user.", "external_files": [".db", ".models"], "external_methods": ["get_db", "User"], "published": ["hash_password", "verify_password", "create_access_token", "decode_token", "get_current_user"], "classes": [{"name": "User", "description": "Represents the user model for authentication"}], "methods": [{"name": "str _get_jwt_secret()", "description": "Retrieves the JWT secret from environment variables, raises error if not set", "scope": "", "scopeKind": ""}, {"name": "str create_access_token(user_id: int, email: str, expires_minutes: int = 60 * 24)", "scope": "", "scopeKind": "", "description": "unavailable"}, {"name": "dict decode_token(token: str)", "scope": "", "scopeKind": "", "description": "unavailable"}, {"name": "User get_current_user( creds: Optional[HTTPAuthorizationCredentials] = Security(bearer_scheme), db: Session = Depends(get_db), )", "scope": "", "scopeKind": "", "description": "unavailable"}, {"name": "str hash_password(password: str)", "scope": "", "scopeKind": "", "description": "unavailable"}, {"name": "bool verify_password(plain_password: str, password_hash: str)", "scope": "", "scopeKind": "", "description": "unavailable"}], "calls": ["os.getenv", "datetime.now", "jwt.encode", "jwt.decode", "db.get"], "search-terms": ["JWT secret", "FastAPI auth utils", "password hashing", "token creation", "authenticate user"], "state": 2, "file_id": 9, "knowledge_revision": 18, "git_revision": "", "ctags": [{"_type": "tag", "name": "_get_jwt_secret", "path": "/home/kavia/workspace/code-generation/recipe-explorer-219140-219177/backend_api/src/api/auth_utils.py", "pattern": "/^def _get_jwt_secret() -> str:$/", "language": "Python", "typeref": "typename:str", "kind": "function", "signature": "()"}, {"_type": "tag", "name": "bearer_scheme", "path": "/home/kavia/workspace/code-generation/recipe-explorer-219140-219177/backend_api/src/api/auth_utils.py", "pattern": "/^bearer_scheme = HTTPBearer(auto_error=False)$/", "language": "Python", "kind": "variable"}, {"_type": "tag", "name": "create_access_token", "path": "/home/kavia/workspace/code-generation/recipe-explorer-219140-219177/backend_api/src/api/auth_utils.py", "pattern": "/^def create_access_token(user_id: int, email: str, expires_minutes: int = 60 * 24) -> str:$/", "language": "Python", "typeref": "typename:str", "kind": "function", "signature": "(user_id: int, email: str, expires_minutes: int = 60 * 24)"}, {"_type": "tag", "name": "decode_token", "path": "/home/kavia/workspace/code-generation/recipe-explorer-219140-219177/backend_api/src/api/auth_utils.py", "pattern": "/^def decode_token(token: str) -> dict:$/", "language": "Python", "typeref": "typename:dict", "kind": "function", "signature": "(token: str)"}, {"_type": "tag", "name": "get_current_user", "path": "/home/kavia/workspace/code-generation/recipe-explorer-219140-219177/backend_api/src/api/auth_utils.py", "pattern": "/^def get_current_user($/", "language": "Python", "typeref": "typename:User", "kind": "function", "signature": "( creds: Optional[HTTPAuthorizationCredentials] = Security(bearer_scheme), db: Session = Depends(get_db), )"}, {"_type": "tag", "name": "hash_password", "path": "/home/kavia/workspace/code-generation/recipe-explorer-219140-219177/backend_api/src/api/auth_utils.py", "pattern": "/^def hash_password(password: str) -> str:$/", "language": "Python", "typeref": "typename:str", "kind": "function", "signature": "(password: str)"}, {"_type": "tag", "name": "pwd_context", "path": "/home/kavia/workspace/code-generation/recipe-explorer-219140-219177/backend_api/src/api/auth_utils.py", "pattern": "/^pwd_context = CryptContext(schemes=[\"bcrypt\"], deprecated=\"auto\")$/", "language": "Python", "kind": "variable"}, {"_type": "tag", "name": "verify_password", "path": "/home/kavia/workspace/code-generation/recipe-explorer-219140-219177/backend_api/src/api/auth_utils.py", "pattern": "/^def verify_password(plain_password: str, password_hash: str) -> bool:$/", "language": "Python", "typeref": "typename:bool", "kind": "function", "signature": "(plain_password: str, password_hash: str)"}], "hash": "57db761c16c51ff7ab6c5500210aad3f", "format-version": 4, "code-base-name": "backend_api", "filename": "backend_api/src/api/auth_utils.py", "fields": [{"name": "bearer_scheme = HTTPBearer(auto_error=False)", "scope": "", "scopeKind": "", "description": "unavailable"}, {"name": "pwd_context = CryptContext(schemes=[\"bcrypt\"], deprecated=\"auto\")", "scope": "", "scopeKind": "", "description": "unavailable"}], "revision_history": [{"18": ""}]}