{"is_source_file": true, "format": "Python", "description": "This file sets up the database connection using SQLAlchemy in a Python project. It defines functions and objects for creating database sessions, including a dependency function for use with FastAPI.", "external_files": ["os", "typing.Generator", "sqlalchemy.create_engine", "sqlalchemy.orm.Session", "sqlalchemy.orm.sessionmaker"], "external_methods": ["os.getenv", "create_engine", "sessionmaker"], "published": ["get_db"], "classes": [], "methods": [{"name": "str _get_database_url()", "description": "Retrieves the database URL from environment variables and raises an exception if not found.", "scope": "", "scopeKind": ""}, {"name": "Generator[Session,None,None] get_db()", "description": "FastAPI dependency that provides a database session for a request and ensures its proper closure.", "scope": "", "scopeKind": ""}], "calls": ["os.getenv", "create_engine", "sessionmaker", "db.close"], "search-terms": ["database connection setup", "SQLAlchemy session factory", "FastAPI database dependency", "DATABASE_URL environment variable"], "state": 2, "file_id": 6, "knowledge_revision": 10, "git_revision": "", "ctags": [{"_type": "tag", "name": "SessionLocal", "path": "/home/kavia/workspace/code-generation/recipe-explorer-219140-219177/backend_api/src/api/db.py", "pattern": "/^SessionLocal = sessionmaker(autocommit=False, autoflush=False, bind=engine)$/", "language": "Python", "kind": "variable"}, {"_type": "tag", "name": "_get_database_url", "path": "/home/kavia/workspace/code-generation/recipe-explorer-219140-219177/backend_api/src/api/db.py", "pattern": "/^def _get_database_url() -> str:$/", "language": "Python", "typeref": "typename:str", "kind": "function", "signature": "()"}, {"_type": "tag", "name": "engine", "path": "/home/kavia/workspace/code-generation/recipe-explorer-219140-219177/backend_api/src/api/db.py", "pattern": "/^engine = create_engine(_get_database_url(), pool_pre_ping=True)$/", "language": "Python", "kind": "variable"}, {"_type": "tag", "name": "get_db", "path": "/home/kavia/workspace/code-generation/recipe-explorer-219140-219177/backend_api/src/api/db.py", "pattern": "/^def get_db() -> Generator[Session, None, None]:$/", "language": "Python", "typeref": "typename:Generator[Session,None,None]", "kind": "function", "signature": "()"}], "hash": "dda7cc4a0176f8ebd20c762525345bfd", "format-version": 4, "code-base-name": "backend_api", "filename": "backend_api/src/api/db.py", "fields": [{"name": "SessionLocal = sessionmaker(autocommit=False, autoflush=False, bind=engine)", "scope": "", "scopeKind": "", "description": "unavailable"}, {"name": "engine = create_engine(_get_database_url(), pool_pre_ping=True)", "scope": "", "scopeKind": "", "description": "unavailable"}], "revision_history": [{"10": ""}]}