{"is_source_file": true, "format": "Python", "description": "This file defines Pydantic models (schemas) used for data validation and serialization/deserialization in the backend API of a recipe exploration application. It includes models for user info, authentication requests and responses, categories, recipes, images, ingredients, steps, favorites, and recipe listings/details.", "external_files": ["pydantic", "datetime"], "external_methods": [], "published": ["UserPublic", "AuthRegisterRequest", "AuthLoginRequest", "AuthTokenResponse", "CategoryOut", "RecipeImageOut", "RecipeIngredientOut", "RecipeStepOut", "RecipeListItem", "RecipeDetailOut", "FavoriteCreateRequest", "FavoriteOut"], "classes": [{"name": "UserPublic", "description": "Represents public user information, including id, email, and optional display name."}, {"name": "AuthRegisterRequest", "description": "Schema for registration requests with email, password, and optional display name."}, {"name": "AuthLoginRequest", "description": "Schema for login requests with email and password."}, {"name": "AuthTokenResponse", "description": "Schema for the authentication token response, including access token, token type, and user info."}, {"name": "CategoryOut", "description": "Represents a recipe category with id, name, and optional description."}, {"name": "RecipeImageOut", "description": "Schema for recipe images including URL and optional alt text."}, {"name": "RecipeIngredientOut", "description": "Schema for recipe ingredients with position, name, and optional quantity."}, {"name": "RecipeStepOut", "description": "Schema for recipe preparation steps with step number and instruction."}, {"name": "RecipeListItem", "description": "Summary info for listing recipes, including id, title, optional description, category, thumbnail URL, and creation date."}, {"name": "RecipeDetailOut", "description": "Detailed recipe information including images, ingredients, steps, and metadata."}, {"name": "FavoriteCreateRequest", "description": "Schema for requests to add a recipe to favorites by recipe id."}, {"name": "FavoriteOut", "description": "Schema representing a favorite recipe record, linking recipe id, creation date, and recipe info."}], "methods": [], "calls": [], "search-terms": ["pydantic", "schemas", "recipe", "user", "auth", "category", "image", "ingredient", "step", "favorite"], "state": 2, "file_id": 8, "knowledge_revision": 14, "git_revision": "", "ctags": [{"_type": "tag", "name": "AuthLoginRequest", "path": "/home/kavia/workspace/code-generation/recipe-explorer-219140-219177/backend_api/src/api/schemas.py", "pattern": "/^class AuthLoginRequest(BaseModel):$/", "language": "Python", "kind": "class"}, {"_type": "tag", "name": "AuthRegisterRequest", "path": "/home/kavia/workspace/code-generation/recipe-explorer-219140-219177/backend_api/src/api/schemas.py", "pattern": "/^class AuthRegisterRequest(BaseModel):$/", "language": "Python", "kind": "class"}, {"_type": "tag", "name": "AuthTokenResponse", "path": "/home/kavia/workspace/code-generation/recipe-explorer-219140-219177/backend_api/src/api/schemas.py", "pattern": "/^class AuthTokenResponse(BaseModel):$/", "language": "Python", "kind": "class"}, {"_type": "tag", "name": "CategoryOut", "path": "/home/kavia/workspace/code-generation/recipe-explorer-219140-219177/backend_api/src/api/schemas.py", "pattern": "/^class CategoryOut(BaseModel):$/", "language": "Python", "kind": "class"}, {"_type": "tag", "name": "FavoriteCreateRequest", "path": "/home/kavia/workspace/code-generation/recipe-explorer-219140-219177/backend_api/src/api/schemas.py", "pattern": "/^class FavoriteCreateRequest(BaseModel):$/", "language": "Python", "kind": "class"}, {"_type": "tag", "name": "FavoriteOut", "path": "/home/kavia/workspace/code-generation/recipe-explorer-219140-219177/backend_api/src/api/schemas.py", "pattern": "/^class FavoriteOut(BaseModel):$/", "language": "Python", "kind": "class"}, {"_type": "tag", "name": "RecipeDetailOut", "path": "/home/kavia/workspace/code-generation/recipe-explorer-219140-219177/backend_api/src/api/schemas.py", "pattern": "/^class RecipeDetailOut(BaseModel):$/", "language": "Python", "kind": "class"}, {"_type": "tag", "name": "RecipeImageOut", "path": "/home/kavia/workspace/code-generation/recipe-explorer-219140-219177/backend_api/src/api/schemas.py", "pattern": "/^class RecipeImageOut(BaseModel):$/", "language": "Python", "kind": "class"}, {"_type": "tag", "name": "RecipeIngredientOut", "path": "/home/kavia/workspace/code-generation/recipe-explorer-219140-219177/backend_api/src/api/schemas.py", "pattern": "/^class RecipeIngredientOut(BaseModel):$/", "language": "Python", "kind": "class"}, {"_type": "tag", "name": "RecipeListItem", "path": "/home/kavia/workspace/code-generation/recipe-explorer-219140-219177/backend_api/src/api/schemas.py", "pattern": "/^class RecipeListItem(BaseModel):$/", "language": "Python", "kind": "class"}, {"_type": "tag", "name": "RecipeStepOut", "path": "/home/kavia/workspace/code-generation/recipe-explorer-219140-219177/backend_api/src/api/schemas.py", "pattern": "/^class RecipeStepOut(BaseModel):$/", "language": "Python", "kind": "class"}, {"_type": "tag", "name": "UserPublic", "path": "/home/kavia/workspace/code-generation/recipe-explorer-219140-219177/backend_api/src/api/schemas.py", "pattern": "/^class UserPublic(BaseModel):$/", "language": "Python", "kind": "class"}, {"_type": "tag", "name": "access_token", "path": "/home/kavia/workspace/code-generation/recipe-explorer-219140-219177/backend_api/src/api/schemas.py", "pattern": "/^    access_token: str = Field(..., description=\"JWT access token\")$/", "language": "Python", "typeref": "typename:str", "kind": "variable", "scope": "AuthTokenResponse", "scopeKind": "class"}, {"_type": "tag", "name": "alt_text", "path": "/home/kavia/workspace/code-generation/recipe-explorer-219140-219177/backend_api/src/api/schemas.py", "pattern": "/^    alt_text: Optional[str] = None$/", "language": "Python", "typeref": "typename:Optional[str]", "kind": "variable", "scope": "RecipeImageOut", "scopeKind": "class"}, {"_type": "tag", "name": "category", "path": "/home/kavia/workspace/code-generation/recipe-explorer-219140-219177/backend_api/src/api/schemas.py", "pattern": "/^    category: Optional[CategoryOut] = None$/", "language": "Python", "typeref": "typename:Optional[CategoryOut]", "kind": "variable", "scope": "RecipeDetailOut", "scopeKind": "class"}, {"_type": "tag", "name": "category", "path": "/home/kavia/workspace/code-generation/recipe-explorer-219140-219177/backend_api/src/api/schemas.py", "pattern": "/^    category: Optional[CategoryOut] = None$/", "language": "Python", "typeref": "typename:Optional[CategoryOut]", "kind": "variable", "scope": "RecipeListItem", "scopeKind": "class"}, {"_type": "tag", "name": "description", "path": "/home/kavia/workspace/code-generation/recipe-explorer-219140-219177/backend_api/src/api/schemas.py", "pattern": "/^    description: Optional[str] = None$/", "language": "Python", "typeref": "typename:Optional[str]", "kind": "variable", "scope": "CategoryOut", "scopeKind": "class"}, {"_type": "tag", "name": "description", "path": "/home/kavia/workspace/code-generation/recipe-explorer-219140-219177/backend_api/src/api/schemas.py", "pattern": "/^    description: Optional[str] = None$/", "language": "Python", "typeref": "typename:Optional[str]", "kind": "variable", "scope": "RecipeDetailOut", "scopeKind": "class"}, {"_type": "tag", "name": "description", "path": "/home/kavia/workspace/code-generation/recipe-explorer-219140-219177/backend_api/src/api/schemas.py", "pattern": "/^    description: Optional[str] = None$/", "language": "Python", "typeref": "typename:Optional[str]", "kind": "variable", "scope": "RecipeListItem", "scopeKind": "class"}, {"_type": "tag", "name": "display_name", "path": "/home/kavia/workspace/code-generation/recipe-explorer-219140-219177/backend_api/src/api/schemas.py", "pattern": "/^    display_name: Optional[str] = Field(None, description=\"Optional display name\")$/", "language": "Python", "typeref": "typename:Optional[str]", "kind": "variable", "scope": "AuthRegisterRequest", "scopeKind": "class"}, {"_type": "tag", "name": "display_name", "path": "/home/kavia/workspace/code-generation/recipe-explorer-219140-219177/backend_api/src/api/schemas.py", "pattern": "/^    display_name: Optional[str] = Field(None, description=\"Optional display name\")$/", "language": "Python", "typeref": "typename:Optional[str]", "kind": "variable", "scope": "UserPublic", "scopeKind": "class"}, {"_type": "tag", "name": "email", "path": "/home/kavia/workspace/code-generation/recipe-explorer-219140-219177/backend_api/src/api/schemas.py", "pattern": "/^    email: str = Field(..., description=\"User email address\")$/", "language": "Python", "typeref": "typename:str", "kind": "variable", "scope": "AuthLoginRequest", "scopeKind": "class"}, {"_type": "tag", "name": "email", "path": "/home/kavia/workspace/code-generation/recipe-explorer-219140-219177/backend_api/src/api/schemas.py", "pattern": "/^    email: str = Field(..., description=\"User email address\")$/", "language": "Python", "typeref": "typename:str", "kind": "variable", "scope": "AuthRegisterRequest", "scopeKind": "class"}, {"_type": "tag", "name": "email", "path": "/home/kavia/workspace/code-generation/recipe-explorer-219140-219177/backend_api/src/api/schemas.py", "pattern": "/^    email: str = Field(..., description=\"User email\")$/", "language": "Python", "typeref": "typename:str", "kind": "variable", "scope": "UserPublic", "scopeKind": "class"}, {"_type": "tag", "name": "id", "path": "/home/kavia/workspace/code-generation/recipe-explorer-219140-219177/backend_api/src/api/schemas.py", "pattern": "/^    id: int = Field(..., description=\"User id\")$/", "language": "Python", "typeref": "typename:int", "kind": "variable", "scope": "UserPublic", "scopeKind": "class"}, {"_type": "tag", "name": "password", "path": "/home/kavia/workspace/code-generation/recipe-explorer-219140-219177/backend_api/src/api/schemas.py", "pattern": "/^    password: str = Field(..., description=\"User password\")$/", "language": "Python", "typeref": "typename:str", "kind": "variable", "scope": "AuthLoginRequest", "scopeKind": "class"}, {"_type": "tag", "name": "password", "path": "/home/kavia/workspace/code-generation/recipe-explorer-219140-219177/backend_api/src/api/schemas.py", "pattern": "/^    password: str = Field(..., min_length=6, description=\"User password (min 6 chars)\")$/", "language": "Python", "typeref": "typename:str", "kind": "variable", "scope": "AuthRegisterRequest", "scopeKind": "class"}, {"_type": "tag", "name": "quantity", "path": "/home/kavia/workspace/code-generation/recipe-explorer-219140-219177/backend_api/src/api/schemas.py", "pattern": "/^    quantity: Optional[str] = None$/", "language": "Python", "typeref": "typename:Optional[str]", "kind": "variable", "scope": "RecipeIngredientOut", "scopeKind": "class"}, {"_type": "tag", "name": "recipe_id", "path": "/home/kavia/workspace/code-generation/recipe-explorer-219140-219177/backend_api/src/api/schemas.py", "pattern": "/^    recipe_id: int = Field(..., description=\"Recipe id to favorite\")$/", "language": "Python", "typeref": "typename:int", "kind": "variable", "scope": "FavoriteCreateRequest", "scopeKind": "class"}, {"_type": "tag", "name": "thumbnail_url", "path": "/home/kavia/workspace/code-generation/recipe-explorer-219140-219177/backend_api/src/api/schemas.py", "pattern": "/^    thumbnail_url: Optional[str] = Field(None, description=\"First image URL if present\")$/", "language": "Python", "typeref": "typename:Optional[str]", "kind": "variable", "scope": "RecipeListItem", "scopeKind": "class"}, {"_type": "tag", "name": "token_type", "path": "/home/kavia/workspace/code-generation/recipe-explorer-219140-219177/backend_api/src/api/schemas.py", "pattern": "/^    token_type: str = Field(\"bearer\", description=\"Token type\")$/", "language": "Python", "typeref": "typename:str", "kind": "variable", "scope": "AuthTokenResponse", "scopeKind": "class"}, {"_type": "tag", "name": "user", "path": "/home/kavia/workspace/code-generation/recipe-explorer-219140-219177/backend_api/src/api/schemas.py", "pattern": "/^    user: UserPublic = Field(..., description=\"User info\")$/", "language": "Python", "typeref": "typename:UserPublic", "kind": "variable", "scope": "AuthTokenResponse", "scopeKind": "class"}], "hash": "ba95a47ae5d1a99826f19503a30c0dce", "format-version": 4, "code-base-name": "backend_api", "filename": "backend_api/src/api/schemas.py", "fields": [{"name": "str access_token", "scope": "AuthTokenResponse", "scopeKind": "class", "description": "unavailable"}, {"name": "Optional[str] alt_text", "scope": "RecipeImageOut", "scopeKind": "class", "description": "unavailable"}, {"name": "Optional[CategoryOut] category", "scope": "RecipeDetailOut", "scopeKind": "class", "description": "unavailable"}, {"name": "Optional[str] description", "scope": "CategoryOut", "scopeKind": "class", "description": "unavailable"}, {"name": "Optional[str] display_name", "scope": "AuthRegisterRequest", "scopeKind": "class", "description": "unavailable"}, {"name": "str email", "scope": "AuthLoginRequest", "scopeKind": "class", "description": "unavailable"}, {"name": "int id", "scope": "UserPublic", "scopeKind": "class", "description": "unavailable"}, {"name": "str password", "scope": "AuthLoginRequest", "scopeKind": "class", "description": "unavailable"}, {"name": "Optional[str] quantity", "scope": "RecipeIngredientOut", "scopeKind": "class", "description": "unavailable"}, {"name": "int recipe_id", "scope": "FavoriteCreateRequest", "scopeKind": "class", "description": "unavailable"}, {"name": "Optional[str] thumbnail_url", "scope": "RecipeListItem", "scopeKind": "class", "description": "unavailable"}, {"name": "str token_type", "scope": "AuthTokenResponse", "scopeKind": "class", "description": "unavailable"}, {"name": "UserPublic user", "scope": "AuthTokenResponse", "scopeKind": "class", "description": "unavailable"}], "revision_history": [{"14": ""}]}