{"is_source_file": true, "format": "Python", "description": "This file defines an API route for seeding sample data into a database, including creation of categories and recipes with associated images, ingredients, and steps, using FastAPI and SQLAlchemy.", "external_files": ["../db", "../models"], "external_methods": ["get_db"], "published": ["seed"], "classes": [], "methods": [{"name": "dict seed(db: Session = Depends(get_db))", "description": "Handles a POST request to seed the database with sample categories and recipes if none exist.", "scope": "", "scopeKind": ""}], "calls": ["db.scalar", "select", "db.add_all", "db.commit", "db.refresh"], "search-terms": ["FastAPI seed route", "Recipe database initialization", "SQLAlchemy seed data", "recipe modeling", "categories and recipes seed"], "state": 2, "file_id": 14, "knowledge_revision": 26, "git_revision": "", "ctags": [{"_type": "tag", "name": "router", "path": "/home/kavia/workspace/code-generation/recipe-explorer-219140-219177/backend_api/src/api/routers/seed.py", "pattern": "/^router = APIRouter(tags=[\"seed\"])$/", "language": "Python", "kind": "variable"}, {"_type": "tag", "name": "seed", "path": "/home/kavia/workspace/code-generation/recipe-explorer-219140-219177/backend_api/src/api/routers/seed.py", "pattern": "/^def seed(db: Session = Depends(get_db)) -> dict:$/", "language": "Python", "typeref": "typename:dict", "kind": "function", "signature": "(db: Session = Depends(get_db))"}], "hash": "057789b9deb8cee8318186c01f3d2ff5", "format-version": 4, "code-base-name": "backend_api", "filename": "backend_api/src/api/routers/seed.py", "fields": [{"name": "router = APIRouter(tags=[\"seed\"])", "scope": "", "scopeKind": "", "description": "unavailable"}], "revision_history": [{"26": ""}]}