{"is_source_file": true, "format": "Python", "description": "This file defines SQLAlchemy ORM models for a recipe management application's backend, including User, Category, Recipe, RecipeIngredient, RecipeStep, RecipeImage, and Favorite classes with their relationships and database schema details.", "external_files": ["sqlalchemy", "datetime", "typing"], "external_methods": ["func.now()"], "published": ["Base", "User", "Category", "Recipe", "RecipeIngredient", "RecipeStep", "RecipeImage", "Favorite"], "classes": [{"name": "Base", "description": "Base class for SQLAlchemy declarative models."}, {"name": "User", "description": "Represents a user in the system with email, display name, password hash, creation timestamp, and favorites relationship."}, {"name": "Category", "description": "Represents a recipe category with name, description, and associated recipes."}, {"name": "Recipe", "description": "Represents a recipe with title, description, category, ingredients, steps, images, and who favorited it."}, {"name": "RecipeIngredient", "description": "Defines ingredients of a recipe, including name, quantity, and position."}, {"name": "RecipeStep", "description": "Defines a step within a recipe, with step number and instruction."}, {"name": "RecipeImage", "description": "Stores images related to a recipe, including URL and alt text."}, {"name": "Favorite", "description": "Represents a user's favorite recipe with timestamp."}], "methods": [], "calls": ["func.now()"], "search-terms": ["SQLAlchemy ORM models", "recipe database schema", "relationship bindings", "favorites", "categories", "ingredients", "steps", "images"], "state": 2, "file_id": 7, "knowledge_revision": 12, "git_revision": "", "ctags": [{"_type": "tag", "name": "Base", "path": "/home/kavia/workspace/code-generation/recipe-explorer-219140-219177/backend_api/src/api/models.py", "pattern": "/^class Base(DeclarativeBase):$/", "language": "Python", "kind": "class"}, {"_type": "tag", "name": "Category", "path": "/home/kavia/workspace/code-generation/recipe-explorer-219140-219177/backend_api/src/api/models.py", "pattern": "/^class Category(Base):$/", "language": "Python", "kind": "class"}, {"_type": "tag", "name": "Favorite", "path": "/home/kavia/workspace/code-generation/recipe-explorer-219140-219177/backend_api/src/api/models.py", "pattern": "/^class Favorite(Base):$/", "language": "Python", "kind": "class"}, {"_type": "tag", "name": "Recipe", "path": "/home/kavia/workspace/code-generation/recipe-explorer-219140-219177/backend_api/src/api/models.py", "pattern": "/^class Recipe(Base):$/", "language": "Python", "kind": "class"}, {"_type": "tag", "name": "RecipeImage", "path": "/home/kavia/workspace/code-generation/recipe-explorer-219140-219177/backend_api/src/api/models.py", "pattern": "/^class RecipeImage(Base):$/", "language": "Python", "kind": "class"}, {"_type": "tag", "name": "RecipeIngredient", "path": "/home/kavia/workspace/code-generation/recipe-explorer-219140-219177/backend_api/src/api/models.py", "pattern": "/^class RecipeIngredient(Base):$/", "language": "Python", "kind": "class"}, {"_type": "tag", "name": "RecipeStep", "path": "/home/kavia/workspace/code-generation/recipe-explorer-219140-219177/backend_api/src/api/models.py", "pattern": "/^class RecipeStep(Base):$/", "language": "Python", "kind": "class"}, {"_type": "tag", "name": "User", "path": "/home/kavia/workspace/code-generation/recipe-explorer-219140-219177/backend_api/src/api/models.py", "pattern": "/^class User(Base):$/", "language": "Python", "kind": "class"}, {"_type": "tag", "name": "__table_args__", "path": "/home/kavia/workspace/code-generation/recipe-explorer-219140-219177/backend_api/src/api/models.py", "pattern": "/^    __table_args__ = (UniqueConstraint(\"recipe_id\", \"position\", name=\"uq_recipe_ingredient_posit/", "file": true, "language": "Python", "kind": "variable", "scope": "RecipeIngredient", "scopeKind": "class"}, {"_type": "tag", "name": "__table_args__", "path": "/home/kavia/workspace/code-generation/recipe-explorer-219140-219177/backend_api/src/api/models.py", "pattern": "/^    __table_args__ = (UniqueConstraint(\"recipe_id\", \"step_number\", name=\"uq_recipe_step_number\")/", "file": true, "language": "Python", "kind": "variable", "scope": "RecipeStep", "scopeKind": "class"}, {"_type": "tag", "name": "__table_args__", "path": "/home/kavia/workspace/code-generation/recipe-explorer-219140-219177/backend_api/src/api/models.py", "pattern": "/^    __table_args__ = (UniqueConstraint(\"user_id\", \"recipe_id\", name=\"uq_user_recipe_favorite\"),)$/", "file": true, "language": "Python", "kind": "variable", "scope": "Favorite", "scopeKind": "class"}, {"_type": "tag", "name": "__tablename__", "path": "/home/kavia/workspace/code-generation/recipe-explorer-219140-219177/backend_api/src/api/models.py", "pattern": "/^    __tablename__ = \"categories\"$/", "file": true, "language": "Python", "kind": "variable", "scope": "Category", "scopeKind": "class"}, {"_type": "tag", "name": "__tablename__", "path": "/home/kavia/workspace/code-generation/recipe-explorer-219140-219177/backend_api/src/api/models.py", "pattern": "/^    __tablename__ = \"favorites\"$/", "file": true, "language": "Python", "kind": "variable", "scope": "Favorite", "scopeKind": "class"}, {"_type": "tag", "name": "__tablename__", "path": "/home/kavia/workspace/code-generation/recipe-explorer-219140-219177/backend_api/src/api/models.py", "pattern": "/^    __tablename__ = \"recipe_images\"$/", "file": true, "language": "Python", "kind": "variable", "scope": "RecipeImage", "scopeKind": "class"}, {"_type": "tag", "name": "__tablename__", "path": "/home/kavia/workspace/code-generation/recipe-explorer-219140-219177/backend_api/src/api/models.py", "pattern": "/^    __tablename__ = \"recipe_ingredients\"$/", "file": true, "language": "Python", "kind": "variable", "scope": "RecipeIngredient", "scopeKind": "class"}, {"_type": "tag", "name": "__tablename__", "path": "/home/kavia/workspace/code-generation/recipe-explorer-219140-219177/backend_api/src/api/models.py", "pattern": "/^    __tablename__ = \"recipe_steps\"$/", "file": true, "language": "Python", "kind": "variable", "scope": "RecipeStep", "scopeKind": "class"}, {"_type": "tag", "name": "__tablename__", "path": "/home/kavia/workspace/code-generation/recipe-explorer-219140-219177/backend_api/src/api/models.py", "pattern": "/^    __tablename__ = \"recipes\"$/", "file": true, "language": "Python", "kind": "variable", "scope": "Recipe", "scopeKind": "class"}, {"_type": "tag", "name": "__tablename__", "path": "/home/kavia/workspace/code-generation/recipe-explorer-219140-219177/backend_api/src/api/models.py", "pattern": "/^    __tablename__ = \"users\"$/", "file": true, "language": "Python", "kind": "variable", "scope": "User", "scopeKind": "class"}, {"_type": "tag", "name": "alt_text", "path": "/home/kavia/workspace/code-generation/recipe-explorer-219140-219177/backend_api/src/api/models.py", "pattern": "/^    alt_text: Mapped[Optional[str]] = mapped_column(String(200), nullable=True)$/", "language": "Python", "typeref": "typename:Mapped[Optional[str]]", "kind": "variable", "scope": "RecipeImage", "scopeKind": "class"}, {"_type": "tag", "name": "category", "path": "/home/kavia/workspace/code-generation/recipe-explorer-219140-219177/backend_api/src/api/models.py", "pattern": "/^    category: Mapped[Optional[Category]] = relationship(back_populates=\"recipes\")$/", "language": "Python", "typeref": "typename:Mapped[Optional[Category]]", "kind": "variable", "scope": "Recipe", "scopeKind": "class"}, {"_type": "tag", "name": "category_id", "path": "/home/kavia/workspace/code-generation/recipe-explorer-219140-219177/backend_api/src/api/models.py", "pattern": "/^    category_id: Mapped[Optional[int]] = mapped_column(ForeignKey(\"categories.id\", ondelete=\"SET/", "language": "Python", "typeref": "typename:Mapped[Optional[int]]", "kind": "variable", "scope": "Recipe", "scopeKind": "class"}, {"_type": "tag", "name": "created_at", "path": "/home/kavia/workspace/code-generation/recipe-explorer-219140-219177/backend_api/src/api/models.py", "pattern": "/^    created_at: Mapped[datetime] = mapped_column(DateTime(timezone=True), server_default=func.no/", "language": "Python", "typeref": "typename:Mapped[datetime]", "kind": "variable", "scope": "Favorite", "scopeKind": "class"}, {"_type": "tag", "name": "created_at", "path": "/home/kavia/workspace/code-generation/recipe-explorer-219140-219177/backend_api/src/api/models.py", "pattern": "/^    created_at: Mapped[datetime] = mapped_column(DateTime(timezone=True), server_default=func.no/", "language": "Python", "typeref": "typename:Mapped[datetime]", "kind": "variable", "scope": "Recipe", "scopeKind": "class"}, {"_type": "tag", "name": "created_at", "path": "/home/kavia/workspace/code-generation/recipe-explorer-219140-219177/backend_api/src/api/models.py", "pattern": "/^    created_at: Mapped[datetime] = mapped_column(DateTime(timezone=True), server_default=func.no/", "language": "Python", "typeref": "typename:Mapped[datetime]", "kind": "variable", "scope": "User", "scopeKind": "class"}, {"_type": "tag", "name": "description", "path": "/home/kavia/workspace/code-generation/recipe-explorer-219140-219177/backend_api/src/api/models.py", "pattern": "/^    description: Mapped[Optional[str]] = mapped_column(String(255), nullable=True)$/", "language": "Python", "typeref": "typename:Mapped[Optional[str]]", "kind": "variable", "scope": "Category", "scopeKind": "class"}, {"_type": "tag", "name": "description", "path": "/home/kavia/workspace/code-generation/recipe-explorer-219140-219177/backend_api/src/api/models.py", "pattern": "/^    description: Mapped[Optional[str]] = mapped_column(Text, nullable=True)$/", "language": "Python", "typeref": "typename:Mapped[Optional[str]]", "kind": "variable", "scope": "Recipe", "scopeKind": "class"}, {"_type": "tag", "name": "display_name", "path": "/home/kavia/workspace/code-generation/recipe-explorer-219140-219177/backend_api/src/api/models.py", "pattern": "/^    display_name: Mapped[Optional[str]] = mapped_column(String(120), nullable=True)$/", "language": "Python", "typeref": "typename:Mapped[Optional[str]]", "kind": "variable", "scope": "User", "scopeKind": "class"}, {"_type": "tag", "name": "email", "path": "/home/kavia/workspace/code-generation/recipe-explorer-219140-219177/backend_api/src/api/models.py", "pattern": "/^    email: Mapped[str] = mapped_column(String(320), unique=True, index=True, nullable=False)$/", "language": "Python", "typeref": "typename:Mapped[str]", "kind": "variable", "scope": "User", "scopeKind": "class"}, {"_type": "tag", "name": "favorited_by", "path": "/home/kavia/workspace/code-generation/recipe-explorer-219140-219177/backend_api/src/api/models.py", "pattern": "/^    favorited_by: Mapped[List[\"Favorite\"]] = relationship(back_populates=\"recipe\", cascade=\"all,/", "language": "Python", "typeref": "typename:Mapped[List[\"Favorite\"]]", "kind": "variable", "scope": "Recipe", "scopeKind": "class"}, {"_type": "tag", "name": "favorites", "path": "/home/kavia/workspace/code-generation/recipe-explorer-219140-219177/backend_api/src/api/models.py", "pattern": "/^    favorites: Mapped[List[\"Favorite\"]] = relationship(back_populates=\"user\", cascade=\"all, dele/", "language": "Python", "typeref": "typename:Mapped[List[\"Favorite\"]]", "kind": "variable", "scope": "User", "scopeKind": "class"}, {"_type": "tag", "name": "id", "path": "/home/kavia/workspace/code-generation/recipe-explorer-219140-219177/backend_api/src/api/models.py", "pattern": "/^    id: Mapped[int] = mapped_column(Integer, primary_key=True)$/", "language": "Python", "typeref": "typename:Mapped[int]", "kind": "variable", "scope": "Category", "scopeKind": "class"}, {"_type": "tag", "name": "id", "path": "/home/kavia/workspace/code-generation/recipe-explorer-219140-219177/backend_api/src/api/models.py", "pattern": "/^    id: Mapped[int] = mapped_column(Integer, primary_key=True)$/", "language": "Python", "typeref": "typename:Mapped[int]", "kind": "variable", "scope": "Favorite", "scopeKind": "class"}, {"_type": "tag", "name": "id", "path": "/home/kavia/workspace/code-generation/recipe-explorer-219140-219177/backend_api/src/api/models.py", "pattern": "/^    id: Mapped[int] = mapped_column(Integer, primary_key=True)$/", "language": "Python", "typeref": "typename:Mapped[int]", "kind": "variable", "scope": "Recipe", "scopeKind": "class"}, {"_type": "tag", "name": "id", "path": "/home/kavia/workspace/code-generation/recipe-explorer-219140-219177/backend_api/src/api/models.py", "pattern": "/^    id: Mapped[int] = mapped_column(Integer, primary_key=True)$/", "language": "Python", "typeref": "typename:Mapped[int]", "kind": "variable", "scope": "RecipeImage", "scopeKind": "class"}, {"_type": "tag", "name": "id", "path": "/home/kavia/workspace/code-generation/recipe-explorer-219140-219177/backend_api/src/api/models.py", "pattern": "/^    id: Mapped[int] = mapped_column(Integer, primary_key=True)$/", "language": "Python", "typeref": "typename:Mapped[int]", "kind": "variable", "scope": "RecipeIngredient", "scopeKind": "class"}, {"_type": "tag", "name": "id", "path": "/home/kavia/workspace/code-generation/recipe-explorer-219140-219177/backend_api/src/api/models.py", "pattern": "/^    id: Mapped[int] = mapped_column(Integer, primary_key=True)$/", "language": "Python", "typeref": "typename:Mapped[int]", "kind": "variable", "scope": "RecipeStep", "scopeKind": "class"}, {"_type": "tag", "name": "id", "path": "/home/kavia/workspace/code-generation/recipe-explorer-219140-219177/backend_api/src/api/models.py", "pattern": "/^    id: Mapped[int] = mapped_column(Integer, primary_key=True)$/", "language": "Python", "typeref": "typename:Mapped[int]", "kind": "variable", "scope": "User", "scopeKind": "class"}, {"_type": "tag", "name": "images", "path": "/home/kavia/workspace/code-generation/recipe-explorer-219140-219177/backend_api/src/api/models.py", "pattern": "/^    images: Mapped[List[\"RecipeImage\"]] = relationship(back_populates=\"recipe\", cascade=\"all, de/", "language": "Python", "typeref": "typename:Mapped[List[\"RecipeImage\"]]", "kind": "variable", "scope": "Recipe", "scopeKind": "class"}, {"_type": "tag", "name": "ingredients", "path": "/home/kavia/workspace/code-generation/recipe-explorer-219140-219177/backend_api/src/api/models.py", "pattern": "/^    ingredients: Mapped[List[\"RecipeIngredient\"]] = relationship($/", "language": "Python", "typeref": "typename:Mapped[List[\"RecipeIngredient\"]]", "kind": "variable", "scope": "Recipe", "scopeKind": "class"}, {"_type": "tag", "name": "instruction", "path": "/home/kavia/workspace/code-generation/recipe-explorer-219140-219177/backend_api/src/api/models.py", "pattern": "/^    instruction: Mapped[str] = mapped_column(Text, nullable=False)$/", "language": "Python", "typeref": "typename:Mapped[str]", "kind": "variable", "scope": "RecipeStep", "scopeKind": "class"}, {"_type": "tag", "name": "name", "path": "/home/kavia/workspace/code-generation/recipe-explorer-219140-219177/backend_api/src/api/models.py", "pattern": "/^    name: Mapped[str] = mapped_column(String(120), unique=True, index=True, nullable=False)$/", "language": "Python", "typeref": "typename:Mapped[str]", "kind": "variable", "scope": "Category", "scopeKind": "class"}, {"_type": "tag", "name": "name", "path": "/home/kavia/workspace/code-generation/recipe-explorer-219140-219177/backend_api/src/api/models.py", "pattern": "/^    name: Mapped[str] = mapped_column(String(200), nullable=False)$/", "language": "Python", "typeref": "typename:Mapped[str]", "kind": "variable", "scope": "RecipeIngredient", "scopeKind": "class"}, {"_type": "tag", "name": "password_hash", "path": "/home/kavia/workspace/code-generation/recipe-explorer-219140-219177/backend_api/src/api/models.py", "pattern": "/^    password_hash: Mapped[str] = mapped_column(String(255), nullable=False)$/", "language": "Python", "typeref": "typename:Mapped[str]", "kind": "variable", "scope": "User", "scopeKind": "class"}, {"_type": "tag", "name": "position", "path": "/home/kavia/workspace/code-generation/recipe-explorer-219140-219177/backend_api/src/api/models.py", "pattern": "/^    position: Mapped[int] = mapped_column(Integer, nullable=False, default=0)$/", "language": "Python", "typeref": "typename:Mapped[int]", "kind": "variable", "scope": "RecipeIngredient", "scopeKind": "class"}, {"_type": "tag", "name": "quantity", "path": "/home/kavia/workspace/code-generation/recipe-explorer-219140-219177/backend_api/src/api/models.py", "pattern": "/^    quantity: Mapped[Optional[str]] = mapped_column(String(120), nullable=True)$/", "language": "Python", "typeref": "typename:Mapped[Optional[str]]", "kind": "variable", "scope": "RecipeIngredient", "scopeKind": "class"}, {"_type": "tag", "name": "recipe", "path": "/home/kavia/workspace/code-generation/recipe-explorer-219140-219177/backend_api/src/api/models.py", "pattern": "/^    recipe: Mapped[Recipe] = relationship(back_populates=\"favorited_by\")$/", "language": "Python", "typeref": "typename:Mapped[Recipe]", "kind": "variable", "scope": "Favorite", "scopeKind": "class"}, {"_type": "tag", "name": "recipe", "path": "/home/kavia/workspace/code-generation/recipe-explorer-219140-219177/backend_api/src/api/models.py", "pattern": "/^    recipe: Mapped[Recipe] = relationship(back_populates=\"images\")$/", "language": "Python", "typeref": "typename:Mapped[Recipe]", "kind": "variable", "scope": "RecipeImage", "scopeKind": "class"}, {"_type": "tag", "name": "recipe", "path": "/home/kavia/workspace/code-generation/recipe-explorer-219140-219177/backend_api/src/api/models.py", "pattern": "/^    recipe: Mapped[Recipe] = relationship(back_populates=\"ingredients\")$/", "language": "Python", "typeref": "typename:Mapped[Recipe]", "kind": "variable", "scope": "RecipeIngredient", "scopeKind": "class"}, {"_type": "tag", "name": "recipe", "path": "/home/kavia/workspace/code-generation/recipe-explorer-219140-219177/backend_api/src/api/models.py", "pattern": "/^    recipe: Mapped[Recipe] = relationship(back_populates=\"steps\")$/", "language": "Python", "typeref": "typename:Mapped[Recipe]", "kind": "variable", "scope": "RecipeStep", "scopeKind": "class"}, {"_type": "tag", "name": "recipe_id", "path": "/home/kavia/workspace/code-generation/recipe-explorer-219140-219177/backend_api/src/api/models.py", "pattern": "/^    recipe_id: Mapped[int] = mapped_column(ForeignKey(\"recipes.id\", ondelete=\"CASCADE\"), index=T/", "language": "Python", "typeref": "typename:Mapped[int]", "kind": "variable", "scope": "Favorite", "scopeKind": "class"}, {"_type": "tag", "name": "recipe_id", "path": "/home/kavia/workspace/code-generation/recipe-explorer-219140-219177/backend_api/src/api/models.py", "pattern": "/^    recipe_id: Mapped[int] = mapped_column(ForeignKey(\"recipes.id\", ondelete=\"CASCADE\"), index=T/", "language": "Python", "typeref": "typename:Mapped[int]", "kind": "variable", "scope": "RecipeImage", "scopeKind": "class"}, {"_type": "tag", "name": "recipe_id", "path": "/home/kavia/workspace/code-generation/recipe-explorer-219140-219177/backend_api/src/api/models.py", "pattern": "/^    recipe_id: Mapped[int] = mapped_column(ForeignKey(\"recipes.id\", ondelete=\"CASCADE\"), index=T/", "language": "Python", "typeref": "typename:Mapped[int]", "kind": "variable", "scope": "RecipeIngredient", "scopeKind": "class"}, {"_type": "tag", "name": "recipe_id", "path": "/home/kavia/workspace/code-generation/recipe-explorer-219140-219177/backend_api/src/api/models.py", "pattern": "/^    recipe_id: Mapped[int] = mapped_column(ForeignKey(\"recipes.id\", ondelete=\"CASCADE\"), index=T/", "language": "Python", "typeref": "typename:Mapped[int]", "kind": "variable", "scope": "RecipeStep", "scopeKind": "class"}, {"_type": "tag", "name": "recipes", "path": "/home/kavia/workspace/code-generation/recipe-explorer-219140-219177/backend_api/src/api/models.py", "pattern": "/^    recipes: Mapped[List[\"Recipe\"]] = relationship(back_populates=\"category\")$/", "language": "Python", "typeref": "typename:Mapped[List[\"Recipe\"]]", "kind": "variable", "scope": "Category", "scopeKind": "class"}, {"_type": "tag", "name": "step_number", "path": "/home/kavia/workspace/code-generation/recipe-explorer-219140-219177/backend_api/src/api/models.py", "pattern": "/^    step_number: Mapped[int] = mapped_column(Integer, nullable=False, default=1)$/", "language": "Python", "typeref": "typename:Mapped[int]", "kind": "variable", "scope": "RecipeStep", "scopeKind": "class"}, {"_type": "tag", "name": "steps", "path": "/home/kavia/workspace/code-generation/recipe-explorer-219140-219177/backend_api/src/api/models.py", "pattern": "/^    steps: Mapped[List[\"RecipeStep\"]] = relationship($/", "language": "Python", "typeref": "typename:Mapped[List[\"RecipeStep\"]]", "kind": "variable", "scope": "Recipe", "scopeKind": "class"}, {"_type": "tag", "name": "title", "path": "/home/kavia/workspace/code-generation/recipe-explorer-219140-219177/backend_api/src/api/models.py", "pattern": "/^    title: Mapped[str] = mapped_column(String(200), index=True, nullable=False)$/", "language": "Python", "typeref": "typename:Mapped[str]", "kind": "variable", "scope": "Recipe", "scopeKind": "class"}, {"_type": "tag", "name": "url", "path": "/home/kavia/workspace/code-generation/recipe-explorer-219140-219177/backend_api/src/api/models.py", "pattern": "/^    url: Mapped[str] = mapped_column(String(500), nullable=False)$/", "language": "Python", "typeref": "typename:Mapped[str]", "kind": "variable", "scope": "RecipeImage", "scopeKind": "class"}, {"_type": "tag", "name": "user", "path": "/home/kavia/workspace/code-generation/recipe-explorer-219140-219177/backend_api/src/api/models.py", "pattern": "/^    user: Mapped[User] = relationship(back_populates=\"favorites\")$/", "language": "Python", "typeref": "typename:Mapped[User]", "kind": "variable", "scope": "Favorite", "scopeKind": "class"}, {"_type": "tag", "name": "user_id", "path": "/home/kavia/workspace/code-generation/recipe-explorer-219140-219177/backend_api/src/api/models.py", "pattern": "/^    user_id: Mapped[int] = mapped_column(ForeignKey(\"users.id\", ondelete=\"CASCADE\"), index=True,/", "language": "Python", "typeref": "typename:Mapped[int]", "kind": "variable", "scope": "Favorite", "scopeKind": "class"}], "hash": "bbdcae94a22798d45e71ed92dd75be6e", "format-version": 4, "code-base-name": "backend_api", "filename": "backend_api/src/api/models.py", "fields": [{"name": "__table_args__ = (UniqueConstraint(\"recipe_id\", \"position\", name=\"uq_recipe_ingredient_posit/", "scope": "RecipeIngredient", "scopeKind": "class", "description": "unavailable"}, {"name": "__table_args__ = (UniqueConstraint(\"recipe_id\", \"step_number\", name=\"uq_recipe_step_number\")/", "scope": "RecipeStep", "scopeKind": "class", "description": "unavailable"}, {"name": "__table_args__ = (UniqueConstraint(\"user_id\", \"recipe_id\", name=\"uq_user_recipe_favorite\"),)", "scope": "Favorite", "scopeKind": "class", "description": "unavailable"}, {"name": "__tablename__ = \"categories\"", "scope": "Category", "scopeKind": "class", "description": "unavailable"}, {"name": "__tablename__ = \"favorites\"", "scope": "Favorite", "scopeKind": "class", "description": "unavailable"}, {"name": "__tablename__ = \"recipe_images\"", "scope": "RecipeImage", "scopeKind": "class", "description": "unavailable"}, {"name": "__tablename__ = \"recipe_ingredients\"", "scope": "RecipeIngredient", "scopeKind": "class", "description": "unavailable"}, {"name": "__tablename__ = \"recipe_steps\"", "scope": "RecipeStep", "scopeKind": "class", "description": "unavailable"}, {"name": "__tablename__ = \"recipes\"", "scope": "Recipe", "scopeKind": "class", "description": "unavailable"}, {"name": "__tablename__ = \"users\"", "scope": "User", "scopeKind": "class", "description": "unavailable"}, {"name": "Mapped[Optional[str]] alt_text", "scope": "RecipeImage", "scopeKind": "class", "description": "unavailable"}, {"name": "Mapped[Optional[Category]] category", "scope": "Recipe", "scopeKind": "class", "description": "unavailable"}, {"name": "Mapped[Optional[int]] category_id", "scope": "Recipe", "scopeKind": "class", "description": "unavailable"}, {"name": "Mapped[datetime] created_at", "scope": "Favorite", "scopeKind": "class", "description": "unavailable"}, {"name": "Mapped[Optional[str]] description", "scope": "Category", "scopeKind": "class", "description": "unavailable"}, {"name": "Mapped[Optional[str]] display_name", "scope": "User", "scopeKind": "class", "description": "unavailable"}, {"name": "Mapped[str] email", "scope": "User", "scopeKind": "class", "description": "unavailable"}, {"name": "Mapped[List[\"Favorite\"]] favorited_by", "scope": "Recipe", "scopeKind": "class", "description": "unavailable"}, {"name": "Mapped[List[\"Favorite\"]] favorites", "scope": "User", "scopeKind": "class", "description": "unavailable"}, {"name": "Mapped[int] id", "scope": "Category", "scopeKind": "class", "description": "unavailable"}, {"name": "Mapped[List[\"RecipeImage\"]] images", "scope": "Recipe", "scopeKind": "class", "description": "unavailable"}, {"name": "Mapped[List[\"RecipeIngredient\"]] ingredients", "scope": "Recipe", "scopeKind": "class", "description": "unavailable"}, {"name": "Mapped[str] instruction", "scope": "RecipeStep", "scopeKind": "class", "description": "unavailable"}, {"name": "Mapped[str] name", "scope": "Category", "scopeKind": "class", "description": "unavailable"}, {"name": "Mapped[str] password_hash", "scope": "User", "scopeKind": "class", "description": "unavailable"}, {"name": "Mapped[int] position", "scope": "RecipeIngredient", "scopeKind": "class", "description": "unavailable"}, {"name": "Mapped[Optional[str]] quantity", "scope": "RecipeIngredient", "scopeKind": "class", "description": "unavailable"}, {"name": "Mapped[Recipe] recipe", "scope": "Favorite", "scopeKind": "class", "description": "unavailable"}, {"name": "Mapped[int] recipe_id", "scope": "Favorite", "scopeKind": "class", "description": "unavailable"}, {"name": "Mapped[List[\"Recipe\"]] recipes", "scope": "Category", "scopeKind": "class", "description": "unavailable"}, {"name": "Mapped[int] step_number", "scope": "RecipeStep", "scopeKind": "class", "description": "unavailable"}, {"name": "Mapped[List[\"RecipeStep\"]] steps", "scope": "Recipe", "scopeKind": "class", "description": "unavailable"}, {"name": "Mapped[str] title", "scope": "Recipe", "scopeKind": "class", "description": "unavailable"}, {"name": "Mapped[str] url", "scope": "RecipeImage", "scopeKind": "class", "description": "unavailable"}, {"name": "Mapped[User] user", "scope": "Favorite", "scopeKind": "class", "description": "unavailable"}, {"name": "Mapped[int] user_id", "scope": "Favorite", "scopeKind": "class", "description": "unavailable"}], "revision_history": [{"12": ""}]}