{"is_source_file": true, "format": "Python", "description": "This file defines authentication API endpoints using FastAPI, including user registration and login, interacting with a database via SQLAlchemy ORM. It manages creating and verifying user access tokens (JWT), and handles user data operations.", "external_files": ["../auth_utils", "../db", "../models", "../schemas"], "external_methods": ["create_access_token", "hash_password", "verify_password", "get_db"], "published": ["router"], "classes": [{"name": "APIRouter", "description": "FastAPI's router object used to define API routes."}, {"name": "User", "description": "SQLAlchemy ORM model representing user data."}], "methods": [{"name": "AuthTokenResponse register(payload: AuthRegisterRequest, db: Session = Depends(get_db))", "description": "Handles user registration by creating a new user and returning an access token.", "scope": "", "scopeKind": ""}, {"name": "AuthTokenResponse login(payload: AuthLoginRequest, db: Session = Depends(get_db))", "description": "Handles user login by verifying credentials and returning an access token.", "scope": "", "scopeKind": ""}], "calls": ["select", "create_access_token", "hash_password", "verify_password", "db.scalar", "db.add", "db.commit", "db.refresh"], "search-terms": ["FastAPI auth endpoints", "JWT token creation", "User registration", "User login", "SQLAlchemy ORM", "FastAPI APIRouter", "auth_utils", "schemas", "models"], "state": 2, "file_id": 10, "knowledge_revision": 19, "git_revision": "", "ctags": [{"_type": "tag", "name": "login", "path": "/home/kavia/workspace/code-generation/recipe-explorer-219140-219177/backend_api/src/api/routers/auth.py", "pattern": "/^def login(payload: AuthLoginRequest, db: Session = Depends(get_db)) -> AuthTokenResponse:$/", "language": "Python", "typeref": "typename:AuthTokenResponse", "kind": "function", "signature": "(payload: AuthLoginRequest, db: Session = Depends(get_db))"}, {"_type": "tag", "name": "register", "path": "/home/kavia/workspace/code-generation/recipe-explorer-219140-219177/backend_api/src/api/routers/auth.py", "pattern": "/^def register(payload: AuthRegisterRequest, db: Session = Depends(get_db)) -> AuthTokenResponse:$/", "language": "Python", "typeref": "typename:AuthTokenResponse", "kind": "function", "signature": "(payload: AuthRegisterRequest, db: Session = Depends(get_db))"}, {"_type": "tag", "name": "router", "path": "/home/kavia/workspace/code-generation/recipe-explorer-219140-219177/backend_api/src/api/routers/auth.py", "pattern": "/^router = APIRouter(prefix=\"\\/auth\", tags=[\"auth\"])$/", "language": "Python", "kind": "variable"}], "hash": "74a37dbfd6ff58f54c26bb157b82de59", "format-version": 4, "code-base-name": "backend_api", "filename": "backend_api/src/api/routers/auth.py", "fields": [{"name": "router = APIRouter(prefix=\"\\/auth\", tags=[\"auth\"])", "scope": "", "scopeKind": "", "description": "unavailable"}], "revision_history": [{"19": ""}]}