{"is_source_file": true, "format": "Python", "description": "This is a FastAPI router module defining endpoints for managing recipes, including listing/searching recipes and fetching detailed recipe information with related data such as ingredients, images, and category.", "external_files": ["../db", "../models", "../schemas"], "external_methods": ["get_db", "select", "joinedload", "func.lower", "db.scalars", "db.scalar"], "published": ["list_recipes", "get_recipe"], "classes": [], "methods": [{"name": "list[RecipeListItem] list_recipes( db: Session = Depends(get_db), query: Optional[str] = Query(None, description=\"Search term for title\"), ingredient: Optional[str] = Query(None, description=\"Ingredient substring filter\"), category_id: Optional[int] = Query(None, description=\"Category id filter\"), limit: int = Query(20, ge=1, le=100), offset: int = Query(0, ge=0), )", "description": "Endpoint to browse/search recipes with optional filters such as query, ingredient, category_id, pagination limit, and offset.", "scope": "", "scopeKind": ""}, {"name": "RecipeDetailOut get_recipe(recipe_id: int, db: Session = Depends(get_db))", "description": "Endpoint to retrieve detailed information about a specific recipe, including ingredients, steps, images, and category.", "scope": "", "scopeKind": ""}], "calls": ["select(Recipe)", "joinedload(Recipe.category)", "joinedload(Recipe.images)", "func.lower", "db.scalars", "db.scalar", "select(Recipe).where(Recipe.id == recipe_id)"], "search-terms": ["recipes", "Recipe", "list_recipes", "get_recipe", "FastAPI routers", "recipe filtering", "recipe details"], "state": 2, "file_id": 12, "knowledge_revision": 22, "git_revision": "", "ctags": [{"_type": "tag", "name": "get_recipe", "path": "/home/kavia/workspace/code-generation/recipe-explorer-219140-219177/backend_api/src/api/routers/recipes.py", "pattern": "/^def get_recipe(recipe_id: int, db: Session = Depends(get_db)) -> RecipeDetailOut:$/", "language": "Python", "typeref": "typename:RecipeDetailOut", "kind": "function", "signature": "(recipe_id: int, db: Session = Depends(get_db))"}, {"_type": "tag", "name": "list_recipes", "path": "/home/kavia/workspace/code-generation/recipe-explorer-219140-219177/backend_api/src/api/routers/recipes.py", "pattern": "/^def list_recipes($/", "language": "Python", "typeref": "typename:list[RecipeListItem]", "kind": "function", "signature": "( db: Session = Depends(get_db), query: Optional[str] = Query(None, description=\"Search term for title\"), ingredient: Optional[str] = Query(None, description=\"Ingredient substring filter\"), category_id: Optional[int] = Query(None, description=\"Category id filter\"), limit: int = Query(20, ge=1, le=100), offset: int = Query(0, ge=0), )"}, {"_type": "tag", "name": "router", "path": "/home/kavia/workspace/code-generation/recipe-explorer-219140-219177/backend_api/src/api/routers/recipes.py", "pattern": "/^router = APIRouter(prefix=\"\\/recipes\", tags=[\"recipes\"])$/", "language": "Python", "kind": "variable"}], "hash": "6825adb8f661044621eee45f787ff8dd", "format-version": 4, "code-base-name": "backend_api", "filename": "backend_api/src/api/routers/recipes.py", "fields": [{"name": "router = APIRouter(prefix=\"\\/recipes\", tags=[\"recipes\"])", "scope": "", "scopeKind": "", "description": "unavailable"}], "revision_history": [{"22": ""}]}