{"is_source_file": true, "format": "Python", "description": "Main application entry point for a FastAPI backend API service, setting up routes, middleware, and database initialization for the recipe explorer project.", "external_files": [".db", ".models", ".routers/auth", ".routers/categories", ".routers/favorites", ".routers/recipes", ".routers/seed"], "external_methods": ["load_dotenv", "Base.metadata.create_all", "FastAPI", "CORSMiddleware", "os.getenv", "asynccontextmanager", "app.include_router", "app.add_middleware"], "published": ["app"], "classes": [{"name": "FastAPI", "description": "Main application class from FastAPI framework, representing the web application."}], "methods": [{"name": "List[str] _get_cors_origins()", "description": "Retrieves list of CORS origins from environment variable or defaults to localhost.", "scope": "", "scopeKind": ""}, {"name": "lifespan(app: FastAPI)", "description": "Async context manager to initialize database tables at startup.", "scope": "", "scopeKind": ""}, {"name": "dict root()", "description": "Health check endpoint returning a simple status message.", "scope": "", "scopeKind": ""}], "calls": ["Base.metadata.create_all", "load_dotenv", "app.include_router", "app.add_middleware", "asynccontextmanager", "os.getenv"], "search-terms": ["FastAPI", "main.py", "CORS middleware", "health endpoint", "database initialization", "recipe-explorer"], "state": 2, "file_id": 3, "knowledge_revision": 27, "git_revision": "", "ctags": [{"_type": "tag", "name": "_get_cors_origins", "path": "/home/kavia/workspace/code-generation/recipe-explorer-219140-219177/backend_api/src/api/main.py", "pattern": "/^def _get_cors_origins() -> List[str]:$/", "language": "Python", "typeref": "typename:List[str]", "kind": "function", "signature": "()"}, {"_type": "tag", "name": "app", "path": "/home/kavia/workspace/code-generation/recipe-explorer-219140-219177/backend_api/src/api/main.py", "pattern": "/^app = FastAPI($/", "language": "Python", "kind": "variable"}, {"_type": "tag", "name": "lifespan", "path": "/home/kavia/workspace/code-generation/recipe-explorer-219140-219177/backend_api/src/api/main.py", "pattern": "/^async def lifespan(app: FastAPI):$/", "language": "Python", "kind": "function", "signature": "(app: FastAPI)"}, {"_type": "tag", "name": "openapi_tags", "path": "/home/kavia/workspace/code-generation/recipe-explorer-219140-219177/backend_api/src/api/main.py", "pattern": "/^openapi_tags = [$/", "language": "Python", "kind": "variable"}, {"_type": "tag", "name": "root", "path": "/home/kavia/workspace/code-generation/recipe-explorer-219140-219177/backend_api/src/api/main.py", "pattern": "/^def root() -> dict:$/", "language": "Python", "typeref": "typename:dict", "kind": "function", "signature": "()"}], "hash": "99ba6afd9e75437f1b09dc52fbdd0430", "format-version": 4, "code-base-name": "backend_api", "filename": "backend_api/src/api/main.py", "fields": [{"name": "app = FastAPI(", "scope": "", "scopeKind": "", "description": "unavailable"}, {"name": "openapi_tags = [", "scope": "", "scopeKind": "", "description": "unavailable"}], "revision_history": [{"27": ""}]}