{"is_source_file": true, "format": "Python", "description": "This file defines API endpoints for managing a user's favorite recipes in a FastAPI application. It includes routes to list, add, and remove favorite recipes, utilizing SQLAlchemy for database interactions and data models for serialization.", "external_files": ["../auth_utils", "../db", "../models", "../schemas"], "external_methods": ["get_current_user", "get_db", "db.get", "db.scalar", "db.add", "db.commit", "db.refresh", "db.delete"], "published": ["list_favorites", "add_favorite", "remove_favorite"], "classes": [], "methods": [{"name": "list[FavoriteOut] list_favorites( db: Session = Depends(get_db), user: User = Depends(get_current_user), )", "description": "Retrieves a list of the user's favorited recipes, including recipe details and category information.", "scope": "", "scopeKind": ""}, {"name": "FavoriteOut add_favorite( payload: FavoriteCreateRequest, db: Session = Depends(get_db), user: User = Depends(get_current_user), )", "description": "Adds a recipe to the user's favorites, creating a new favorite entry if it doesn't exist.", "scope": "", "scopeKind": ""}, {"name": "None remove_favorite( recipe_id: int, db: Session = Depends(get_db), user: User = Depends(get_current_user), )", "description": "Removes a recipe from the user's favorites collection.", "scope": "", "scopeKind": ""}], "calls": ["select", "joinedload", "Favorite.user_id", "Favorite.recipe", "Favorite.created_at", "db.scalars", "db.get", "db.scalar", "db.add", "db.commit", "db.refresh", "db.delete"], "search-terms": ["FastAPI favorites endpoints", "Favorites API routes", "favorites CRUD", "recipe favorites", "user favorited recipes"], "state": 2, "file_id": 13, "knowledge_revision": 24, "git_revision": "", "ctags": [{"_type": "tag", "name": "add_favorite", "path": "/home/kavia/workspace/code-generation/recipe-explorer-219140-219177/backend_api/src/api/routers/favorites.py", "pattern": "/^def add_favorite($/", "language": "Python", "typeref": "typename:FavoriteOut", "kind": "function", "signature": "( payload: FavoriteCreateRequest, db: Session = Depends(get_db), user: User = Depends(get_current_user), )"}, {"_type": "tag", "name": "list_favorites", "path": "/home/kavia/workspace/code-generation/recipe-explorer-219140-219177/backend_api/src/api/routers/favorites.py", "pattern": "/^def list_favorites($/", "language": "Python", "typeref": "typename:list[FavoriteOut]", "kind": "function", "signature": "( db: Session = Depends(get_db), user: User = Depends(get_current_user), )"}, {"_type": "tag", "name": "remove_favorite", "path": "/home/kavia/workspace/code-generation/recipe-explorer-219140-219177/backend_api/src/api/routers/favorites.py", "pattern": "/^def remove_favorite($/", "language": "Python", "typeref": "typename:None", "kind": "function", "signature": "( recipe_id: int, db: Session = Depends(get_db), user: User = Depends(get_current_user), )"}, {"_type": "tag", "name": "router", "path": "/home/kavia/workspace/code-generation/recipe-explorer-219140-219177/backend_api/src/api/routers/favorites.py", "pattern": "/^router = APIRouter(prefix=\"\\/favorites\", tags=[\"favorites\"])$/", "language": "Python", "kind": "variable"}], "hash": "baede6c0837c6fe6a0c261356e4c0cd1", "format-version": 4, "code-base-name": "backend_api", "filename": "backend_api/src/api/routers/favorites.py", "fields": [{"name": "router = APIRouter(prefix=\"\\/favorites\", tags=[\"favorites\"])", "scope": "", "scopeKind": "", "description": "unavailable"}], "revision_history": [{"24": ""}]}